Country Name	Alpha-2 Code	Alpha-3 Code	Numeric Code	Flag
Afghanistan	AF	AFG	4	ğŸ‡¦ğŸ‡«
Ã…land Islands	AX	ALA	248	ğŸ‡¦ğŸ‡½
Albania	AL	ALB	8	ğŸ‡¦ğŸ‡±
Algeria	DZ	DZA	12	ğŸ‡©ğŸ‡¿
American Samoa	AS	ASM	16	ğŸ‡¦ğŸ‡¸
Andorra	AD	AND	20	ğŸ‡¦ğŸ‡©
Angola	AO	AGO	24	ğŸ‡¦ğŸ‡´
Anguilla	AI	AIA	660	ğŸ‡¦ğŸ‡®
Antarctica	AQ	ATA	10	ğŸ‡¦ğŸ‡¶
Antigua and Barbuda	AG	ATG	28	ğŸ‡¦ğŸ‡¬
Argentina	AR	ARG	32	ğŸ‡¦ğŸ‡·
Armenia	AM	ARM	51	ğŸ‡¦ğŸ‡²
Aruba	AW	ABW	533	ğŸ‡¦ğŸ‡¼
Australia	AU	AUS	36	ğŸ‡¦ğŸ‡º
Austria	AT	AUT	40	ğŸ‡¦ğŸ‡¹
Azerbaijan	AZ	AZE	31	ğŸ‡¦ğŸ‡¿
Bahamas	BS	BHS	44	ğŸ‡§ğŸ‡¸
Bahrain	BH	BHR	48	ğŸ‡§ğŸ‡­
Bangladesh	BD	BGD	50	ğŸ‡§ğŸ‡©
Barbados	BB	BRB	52	ğŸ‡§ğŸ‡§
Belarus	BY	BLR	112	ğŸ‡§ğŸ‡¾
Belgium	BE	BEL	56	ğŸ‡§ğŸ‡ª
Belize	BZ	BLZ	84	ğŸ‡§ğŸ‡¿
Benin	BJ	BEN	204	ğŸ‡§ğŸ‡¯
Bermuda	BM	BMU	60	ğŸ‡§ğŸ‡²
Bhutan	BT	BTN	64	ğŸ‡§ğŸ‡¹
Bolivia (Plurinational State of)	BO	BOL	68	ğŸ‡§ğŸ‡´
Bonaire, Sint Eustatius and Saba	BQ	BES	535	ğŸ‡§ğŸ‡¶
Bosnia and Herzegovina	BA	BIH	70	ğŸ‡§ğŸ‡¦
Botswana	BW	BWA	72	ğŸ‡§ğŸ‡¼
Bouvet Island	BV	BVT	74	ğŸ‡§ğŸ‡»
Brazil	BR	BRA	76	ğŸ‡§ğŸ‡·
British Indian Ocean Territory	IO	IOT	86	ğŸ‡®ğŸ‡´
Brunei Darussalam	BN	BRN	96	ğŸ‡§ğŸ‡³
Bulgaria	BG	BGR	100	ğŸ‡§ğŸ‡¬
Burkina Faso	BF	BFA	854	ğŸ‡§ğŸ‡«
Burundi	BI	BDI	108	ğŸ‡§ğŸ‡®
Cabo Verde	CV	CPV	132	ğŸ‡¨ğŸ‡»
Cambodia	KH	KHM	116	ğŸ‡°ğŸ‡­
Cameroon	CM	CMR	120	ğŸ‡¨ğŸ‡²
Canada	CA	CAN	124	ğŸ‡¨ğŸ‡¦
Cayman Islands	KY	CYM	136	ğŸ‡°ğŸ‡¾
Central African Republic	CF	CAF	140	ğŸ‡¨ğŸ‡«
Chad	TD	TCD	148	ğŸ‡¹ğŸ‡©
Chile	CL	CHL	152	ğŸ‡¨ğŸ‡±
China	CN	CHN	156	ğŸ‡¨ğŸ‡³
Christmas Island	CX	CXR	162	ğŸ‡¨ğŸ‡½
Cocos (Keeling) Islands	CC	CCK	166	ğŸ‡¨ğŸ‡¨
Colombia	CO	COL	170	ğŸ‡¨ğŸ‡´
Comoros	KM	COM	174	ğŸ‡°ğŸ‡²
Congo	CG	COG	178	ğŸ‡¨ğŸ‡¬
Congo, Democratic Republic of the	CD	COD	180	ğŸ‡¨ğŸ‡©
Cook Islands	CK	COK	184	ğŸ‡¨ğŸ‡°
Costa Rica	CR	CRI	188	ğŸ‡¨ğŸ‡·
CÃ´te d'Ivoire	CI	CIV	384	ğŸ‡¨ğŸ‡®
Croatia	HR	HRV	191	ğŸ‡­ğŸ‡·
Cuba	CU	CUB	192	ğŸ‡¨ğŸ‡º
CuraÃ§ao	CW	CUW	531	ğŸ‡¨ğŸ‡¼
Cyprus	CY	CYP	196	ğŸ‡¨ğŸ‡¾
Czechia	CZ	CZE	203	ğŸ‡¨ğŸ‡¿
Denmark	DK	DNK	208	ğŸ‡©ğŸ‡°
Djibouti	DJ	DJI	262	ğŸ‡©ğŸ‡¯
Dominica	DM	DMA	212	ğŸ‡©ğŸ‡²
Dominican Republic	DO	DOM	214	ğŸ‡©ğŸ‡´
Ecuador	EC	ECU	218	ğŸ‡ªğŸ‡¨
Egypt	EG	EGY	818	ğŸ‡ªğŸ‡¬
El Salvador	SV	SLV	222	ğŸ‡¸ğŸ‡»
Equatorial Guinea	GQ	GNQ	226	ğŸ‡¬ğŸ‡¶
Eritrea	ER	ERI	232	ğŸ‡ªğŸ‡·
Estonia	EE	EST	233	ğŸ‡ªğŸ‡ª
Eswatini	SZ	SWZ	748	ğŸ‡¸ğŸ‡¿
Ethiopia	ET	ETH	231	ğŸ‡ªğŸ‡¹
Falkland Islands (Malvinas)	FK	FLK	238	ğŸ‡«ğŸ‡°
Faroe Islands	FO	FRO	234	ğŸ‡«ğŸ‡´
Fiji	FJ	FJI	242	ğŸ‡«ğŸ‡¯
Finland	FI	FIN	246	ğŸ‡«ğŸ‡®
France	FR	FRA	250	ğŸ‡«ğŸ‡·
French Guiana	GF	GUF	254	ğŸ‡¬ğŸ‡«
French Polynesia	PF	PYF	258	ğŸ‡µğŸ‡«
French Southern Territories	TF	ATF	260	ğŸ‡¹ğŸ‡«
Gabon	GA	GAB	266	ğŸ‡¬ğŸ‡¦
Gambia	GM	GMB	270	ğŸ‡¬ğŸ‡²
Georgia	GE	GEO	268	ğŸ‡¬ğŸ‡ª
Germany	DE	DEU	276	ğŸ‡©ğŸ‡ª
Ghana	GH	GHA	288	ğŸ‡¬ğŸ‡­
Gibraltar	GI	GIB	292	ğŸ‡¬ğŸ‡®
Greece	GR	GRC	300	ğŸ‡¬ğŸ‡·
Greenland	GL	GRL	304	ğŸ‡¬ğŸ‡±
Grenada	GD	GRD	308	ğŸ‡¬ğŸ‡©
Guadeloupe	GP	GLP	312	ğŸ‡¬ğŸ‡µ
Guam	GU	GUM	316	ğŸ‡¬ğŸ‡º
Guatemala	GT	GTM	320	ğŸ‡¬ğŸ‡¹
Guernsey	GG	GGY	831	ğŸ‡¬ğŸ‡¬
Guinea	GN	GIN	324	ğŸ‡¬ğŸ‡³
Guinea-Bissau	GW	GNB	624	ğŸ‡¬ğŸ‡¼
Guyana	GY	GUY	328	ğŸ‡¬ğŸ‡¾
Haiti	HT	HTI	332	ğŸ‡­ğŸ‡¹
Heard Island and McDonald Islands	HM	HMD	334	ğŸ‡­ğŸ‡²
Holy See	VA	VAT	336	ğŸ‡»ğŸ‡¦
Honduras	HN	HND	340	ğŸ‡­ğŸ‡³
Hong Kong	HK	HKG	344	ğŸ‡­ğŸ‡°
Hungary	HU	HUN	348	ğŸ‡­ğŸ‡º
Iceland	IS	ISL	352	ğŸ‡®ğŸ‡¸
India	IN	IND	356	ğŸ‡®ğŸ‡³
Indonesia	ID	IDN	360	ğŸ‡®ğŸ‡©
Iran (Islamic Republic of)	IR	IRN	364	ğŸ‡®ğŸ‡·
Iraq	IQ	IRQ	368	ğŸ‡®ğŸ‡¶
Ireland	IE	IRL	372	ğŸ‡®ğŸ‡ª
Isle of Man	IM	IMN	833	ğŸ‡®ğŸ‡²
Israel	IL	ISR	376	ğŸ‡®ğŸ‡±
Italy	IT	ITA	380	ğŸ‡®ğŸ‡¹
Jamaica	JM	JAM	388	ğŸ‡¯ğŸ‡²
Japan	JP	JPN	392	ğŸ‡¯ğŸ‡µ
Jersey	JE	JEY	832	ğŸ‡¯ğŸ‡ª
Jordan	JO	JOR	400	ğŸ‡¯ğŸ‡´
Kazakhstan	KZ	KAZ	398	ğŸ‡°ğŸ‡¿
Kenya	KE	KEN	404	ğŸ‡°ğŸ‡ª
Kiribati	KI	KIR	296	ğŸ‡°ğŸ‡®
Korea (Democratic People's Republic of)	KP	PRK	408	ğŸ‡°ğŸ‡µ
Korea, Republic of	KR	KOR	410	ğŸ‡°ğŸ‡·
Kuwait	KW	KWT	414	ğŸ‡°ğŸ‡¼
Kyrgyzstan	KG	KGZ	417	ğŸ‡°ğŸ‡¬
Lao People's Democratic Republic	LA	LAO	418	ğŸ‡±ğŸ‡¦
Latvia	LV	LVA	428	ğŸ‡±ğŸ‡»
Lebanon	LB	LBN	422	ğŸ‡±ğŸ‡§
Lesotho	LS	LSO	426	ğŸ‡±ğŸ‡¸
Liberia	LR	LBR	430	ğŸ‡±ğŸ‡·
Libya	LY	LBY	434	ğŸ‡±ğŸ‡¾
Liechtenstein	LI	LIE	438	ğŸ‡±ğŸ‡®
Lithuania	LT	LTU	440	ğŸ‡±ğŸ‡¹
Luxembourg	LU	LUX	442	ğŸ‡±ğŸ‡º
Macao	MO	MAC	446	ğŸ‡²ğŸ‡´
Madagascar	MG	MDG	450	ğŸ‡²ğŸ‡¬
Malawi	MW	MWI	454	ğŸ‡²ğŸ‡¼
Malaysia	MY	MYS	458	ğŸ‡²ğŸ‡¾
Maldives	MV	MDV	462	ğŸ‡²ğŸ‡»
Mali	ML	MLI	466	ğŸ‡²ğŸ‡±
Malta	MT	MLT	470	ğŸ‡²ğŸ‡¹
Marshall Islands	MH	MHL	584	ğŸ‡²ğŸ‡­
Martinique	MQ	MTQ	474	ğŸ‡²ğŸ‡¶
Mauritania	MR	MRT	478	ğŸ‡²ğŸ‡·
Mauritius	MU	MUS	480	ğŸ‡²ğŸ‡º
Mayotte	YT	MYT	175	ğŸ‡¾ğŸ‡¹
Mexico	MX	MEX	484	ğŸ‡²ğŸ‡½
Micronesia (Federated States of)	FM	FSM	583	ğŸ‡«ğŸ‡²
Moldova, Republic of	MD	MDA	498	ğŸ‡²ğŸ‡©
Monaco	MC	MCO	492	ğŸ‡²ğŸ‡¨
Mongolia	MN	MNG	496	ğŸ‡²ğŸ‡³
Montenegro	ME	MNE	499	ğŸ‡²ğŸ‡ª
Montserrat	MS	MSR	500	ğŸ‡²ğŸ‡¸
Morocco	MA	MAR	504	ğŸ‡²ğŸ‡¦
Mozambique	MZ	MOZ	508	ğŸ‡²ğŸ‡¿
Myanmar	MM	MMR	104	ğŸ‡²ğŸ‡²
Namibia	NA	NAM	516	ğŸ‡³ğŸ‡¦
Nauru	NR	NRU	520	ğŸ‡³ğŸ‡·
Nepal	NP	NPL	524	ğŸ‡³ğŸ‡µ
Netherlands	NL	NLD	528	ğŸ‡³ğŸ‡±
New Caledonia	NC	NCL	540	ğŸ‡³ğŸ‡¨
New Zealand	NZ	NZL	554	ğŸ‡³ğŸ‡¿
Nicaragua	NI	NIC	558	ğŸ‡³ğŸ‡®
Niger	NE	NER	562	ğŸ‡³ğŸ‡ª
Nigeria	NG	NGA	566	ğŸ‡³ğŸ‡¬
Niue	NU	NIU	570	ğŸ‡³ğŸ‡º
Norfolk Island	NF	NFK	574	ğŸ‡³ğŸ‡«
North Macedonia	MK	MKD	807	ğŸ‡²ğŸ‡°
Northern Mariana Islands	MP	MNP	580	ğŸ‡²ğŸ‡µ
Norway	NO	NOR	578	ğŸ‡³ğŸ‡´
Oman	OM	OMN	512	ğŸ‡´ğŸ‡²
Pakistan	PK	PAK	586	ğŸ‡µğŸ‡°
Palau	PW	PLW	585	ğŸ‡µğŸ‡¼
Palestine, State of	PS	PSE	275	ğŸ‡µğŸ‡¸
Panama	PA	PAN	591	ğŸ‡µğŸ‡¦
Papua New Guinea	PG	PNG	598	ğŸ‡µğŸ‡¬
Paraguay	PY	PRY	600	ğŸ‡µğŸ‡¾
Peru	PE	PER	604	ğŸ‡µğŸ‡ª
Philippines	PH	PHL	608	ğŸ‡µğŸ‡­
Pitcairn	PN	PCN	612	ğŸ‡µğŸ‡³
Poland	PL	POL	616	ğŸ‡µğŸ‡±
Portugal	PT	PRT	620	ğŸ‡µğŸ‡¹
Puerto Rico	PR	PRI	630	ğŸ‡µğŸ‡·
Qatar	QA	QAT	634	ğŸ‡¶ğŸ‡¦
RÃ©union	RE	REU	638	ğŸ‡·ğŸ‡ª
Romania	RO	ROU	642	ğŸ‡·ğŸ‡´
Russian Federation	RU	RUS	643	ğŸ‡·ğŸ‡º
Rwanda	RW	RWA	646	ğŸ‡·ğŸ‡¼
Saint BarthÃ©lemy	BL	BLM	652	ğŸ‡§ğŸ‡±
Saint Helena, Ascension and Tristan da Cunha	SH	SHN	654	ğŸ‡¸ğŸ‡­
Saint Kitts and Nevis	KN	KNA	659	ğŸ‡°ğŸ‡³
Saint Lucia	LC	LCA	662	ğŸ‡±ğŸ‡¨
Saint Martin (French part)	MF	MAF	663	ğŸ‡²ğŸ‡«
Saint Pierre and Miquelon	PM	SPM	666	ğŸ‡µğŸ‡²
Saint Vincent and the Grenadines	VC	VCT	670	ğŸ‡»ğŸ‡¨
Samoa	WS	WSM	882	ğŸ‡¼ğŸ‡¸
San Marino	SM	SMR	674	ğŸ‡¸ğŸ‡²
Sao Tome and Principe	ST	STP	678	ğŸ‡¸ğŸ‡¹
Saudi Arabia	SA	SAU	682	ğŸ‡¸ğŸ‡¦
Senegal	SN	SEN	686	ğŸ‡¸ğŸ‡³
Serbia	RS	SRB	688	ğŸ‡·ğŸ‡¸
Seychelles	SC	SYC	690	ğŸ‡¸ğŸ‡¨
Sierra Leone	SL	SLE	694	ğŸ‡¸ğŸ‡±
Singapore	SG	SGP	702	ğŸ‡¸ğŸ‡¬
Sint Maarten (Dutch part)	SX	SXM	534	ğŸ‡¸ğŸ‡½
Slovakia	SK	SVK	703	ğŸ‡¸ğŸ‡°
Slovenia	SI	SVN	705	ğŸ‡¸ğŸ‡®
Solomon Islands	SB	SLB	90	ğŸ‡¸ğŸ‡§
Somalia	SO	SOM	706	ğŸ‡¸ğŸ‡´
South Africa	ZA	ZAF	710	ğŸ‡¿ğŸ‡¦
South Georgia and the South Sandwich Islands	GS	SGS	239	ğŸ‡¬ğŸ‡¸
South Sudan	SS	SSD	728	ğŸ‡¸ğŸ‡¸
Spain	ES	ESP	724	ğŸ‡ªğŸ‡¸
Sri Lanka	LK	LKA	144	ğŸ‡±ğŸ‡°
Sudan	SD	SDN	729	ğŸ‡¸ğŸ‡©
Suriname	SR	SUR	740	ğŸ‡¸ğŸ‡·
Svalbard and Jan Mayen	SJ	SJM	744	ğŸ‡¸ğŸ‡¯
Sweden	SE	SWE	752	ğŸ‡¸ğŸ‡ª
Switzerland	CH	CHE	756	ğŸ‡¨ğŸ‡­
Syrian Arab Republic	SY	SYR	760	ğŸ‡¸ğŸ‡¾
Taiwan, Province of China	TW	TWN	158	ğŸ‡¹ğŸ‡¼
Tajikistan	TJ	TJK	762	ğŸ‡¹ğŸ‡¯
Tanzania, United Republic of	TZ	TZA	834	ğŸ‡¹ğŸ‡¿
Thailand	TH	THA	764	ğŸ‡¹ğŸ‡­
Timor-Leste	TL	TLS	626	ğŸ‡¹ğŸ‡±
Togo	TG	TGO	768	ğŸ‡¹ğŸ‡¬
Tokelau	TK	TKL	772	ğŸ‡¹ğŸ‡°
Tonga	TO	TON	776	ğŸ‡¹ğŸ‡´
Trinidad and Tobago	TT	TTO	780	ğŸ‡¹ğŸ‡¹
Tunisia	TN	TUN	788	ğŸ‡¹ğŸ‡³
Turkey	TR	TUR	792	ğŸ‡¹ğŸ‡·
Turkmenistan	TM	TKM	795	ğŸ‡¹ğŸ‡²
Turks and Caicos Islands	TC	TCA	796	ğŸ‡¹ğŸ‡¨
Tuvalu	TV	TUV	798	ğŸ‡¹ğŸ‡»
Uganda	UG	UGA	800	ğŸ‡ºğŸ‡¬
Ukraine	UA	UKR	804	ğŸ‡ºğŸ‡¦
United Arab Emirates	AE	ARE	784	ğŸ‡¦ğŸ‡ª
United Kingdom of Great Britain and Northern Ireland	GB	GBR	826	ğŸ‡¬ğŸ‡§
United States Minor Outlying Islands	UM	UMI	581	ğŸ‡ºğŸ‡²
United States of America	US	USA	840	ğŸ‡ºğŸ‡¸
Uruguay	UY	URY	858	ğŸ‡ºğŸ‡¾
Uzbekistan	UZ	UZB	860	ğŸ‡ºğŸ‡¿
Vanuatu	VU	VUT	548	ğŸ‡»ğŸ‡º
Venezuela (Bolivarian Republic of)	VE	VEN	862	ğŸ‡»ğŸ‡ª
Viet Nam	VN	VNM	704	ğŸ‡»ğŸ‡³
Virgin Islands (British)	VG	VGB	92	ğŸ‡»ğŸ‡¬
Virgin Islands (U.S.)	VI	VIR	850	ğŸ‡»ğŸ‡®
Wallis and Futuna	WF	WLF	876	ğŸ‡¼ğŸ‡«
Western Sahara	EH	ESH	732	ğŸ‡ªğŸ‡­
Yemen	YE	YEM	887	ğŸ‡¾ğŸ‡ª
Zambia	ZM	ZMB	894	ğŸ‡¿ğŸ‡²
Zimbabwe	ZW	ZWE	716	ğŸ‡¿ğŸ‡¼
